"long","lat","site","distance","depth"
153.1863,-27.38899,"A",5.54,8
153.2242,-27.43537,"B",9.04,10
153.2353,-27.47072,"C",12.17,7
153.4034,-27.31014,"D",29.9,11
153.372,-27.37349,"E",23.45,14
153.3389,-27.44502,"F",20.94,12
153.3546,-27.54028,"G",17.16,11
153.3308,-27.58659,"H",11.85,9
153.3839,-27.58376,"I",13.41,14
153.4048,-27.63623,"J",10.45,11
